{"standard_account": {"TQQQ": {"cash": 2000, "position": 0}, "SOXL": {"cash": 2000, "position": 0}, "TECL": {"cash": 2000, "position": 0}, "FAS": {"cash": 2000, "position": 0}, "LABU": {"cash": 2000, "position": 0}, "GLD": {"cash": 2000, "position": 0}, "BILI": {"cash": 0, "position": 2}}, "simulation_account": {"TQQQ": {"cash": 12920.092900000001, "position": 0}, "SQQQ": {"cash": 0, "position": 371}, "UPRO": {"cash": 11657.458920000001, "position": 0}, "SPXU": {"cash": 10000, "position": 0}, "UDOW": {"cash": 12131.52983, "position": 0}, "SDOW": {"cash": 9291.18275, "position": 0}, "TECL": {"cash": 13815.12715, "position": 0}, "TECS": {"cash": 4.971999999999753, "position": 532}, "SOXL": {"cash": 12264.933560000001, "position": 0}, "SOXS": {"cash": 21.720000000001164, "position": 205}, "FAS": {"cash": 10064.932090000004, "position": 0}, "FAZ": {"cash": 6569.78596, "position": 0}, "LABU": {"cash": 6721.420480000001, "position": 0}, "LABD": {"cash": 8500.44397, "position": 0}, "CHAU": {"cash": 0, "position": 506}, "CHAD": {"cash": 10000, "position": 0}, "YINN": {"cash": 9313.23341, "position": 0}, "YANG": {"cash": 10000, "position": 0}, "CQQQ": {"cash": 0, "position": 189}, "TVIX": {"cash": 10000, "position": 0}, "AAPL": {"cash": 10000, "position": 0}, "MSFT": {"cash": 10000, "position": 0}, "IBM": {"cash": 10233.69888, "position": 0}, "FB": {"cash": 10000, "position": 0}, "ADBE": {"cash": 10000, "position": 0}, "NFLX": {"cash": 9243.431, "position": 0}, "DIS": {"cash": 10000, "position": 0}, "INTC": {"cash": 10.43499999999949, "position": 203}, "NVDA": {"cash": 12598.778120000003, "position": 0}, "AMD": {"cash": 14831.91393, "position": 0}, "QCOM": {"cash": 10000, "position": 0}, "AVGO": {"cash": 38.30867000000217, "position": 31}, "TXN": {"cash": 110.26499999999942, "position": 73}, "TSM": {"cash": 0, "position": 203}, "TSLA": {"cash": 8253.34909, "position": 0}, "LMT": {"cash": 147.96000000000095, "position": 27}, "GE": {"cash": 9003.964619999999, "position": 0}, "BA": {"cash": 9427.89693, "position": 0}, "HON": {"cash": 84.61252999999851, "position": 64}, "JPM": {"cash": 9246.53106, "position": 0}, "ACN": {"cash": 10000, "position": 0}, "MS": {"cash": 19.18000000000029, "position": 191}, "GS": {"cash": 10000, "position": 0}, "BAC": {"cash": 10202.13132, "position": 0}, "WFC": {"cash": 10000, "position": 0}, "HSBC": {"cash": 9691.787729999998, "position": 0}, "C": {"cash": 9774.64801, "position": 0}, "MRK": {"cash": 47.26000000000022, "position": 124}, "PFE": {"cash": 11021.757260000002, "position": 0}, "NVO": {"cash": 24.725180000003093, "position": 183}, "GSK": {"cash": 10000, "position": 0}, "AZN": {"cash": 10203.58905, "position": 0}, "ABBV": {"cash": 94.22212000000036, "position": 120}, "NVS": {"cash": 9.194260000000213, "position": 114}, "ABT": {"cash": 60.81438000000162, "position": 115}, "MDT": {"cash": 33.85132000000158, "position": 103}, "AMGN": {"cash": 174.4249600000021, "position": 41}, "DHR": {"cash": 86.26294000000053, "position": 55}, "JNJ": {"cash": 131.40000000000146, "position": 69}, "UNH": {"cash": 10117.99568, "position": 0}, "AMT": {"cash": 0, "position": 45}, "CHTR": {"cash": 0, "position": 22}, "DGAZ": {"cash": 10000, "position": 0}, "SNY": {"cash": 0, "position": 233}, "T": {"cash": 0, "position": 330}, "SPY": {"cash": 55.57999999999993, "position": 32}, "GLD": {"cash": 10000, "position": 0}}, "global_account": {"TVIX": {"cash": 2000, "position": 0}, "TQQQ": {"cash": 3085.7800000000007, "position": 0}, "SOXL": {"cash": 2000, "position": 0}, "TECL": {"cash": 2038.1000000000001, "position": 0}, "FAS": {"cash": 2007.460000000001, "position": 0}, "LABU": {"cash": 1624.42, "position": 0}, "SQQQ": {"cash": 2000, "position": 0}, "SOXS": {"cash": 2000, "position": 0}, "SPXU": {"cash": 2000, "position": 0}, "GLD": {"cash": 2000, "position": 0}, "NFLX": {"cash": 2428.8100000000004, "position": 0}, "INTC": {"cash": 2687.06, "position": 0}, "U": {"cash": 0, "position": 40}}}