{"standard_account": {}, "simulation_account": {"TQQQ": {"cash": 39.38960000000043, "position": 90}, "SQQQ": {"cash": 10000, "position": 0}, "UPRO": {"cash": 19.179900000001, "position": 199}, "SPXU": {"cash": 10000, "position": 0}, "UDOW": {"cash": 49.340000000000146, "position": 158}, "SDOW": {"cash": 10000, "position": 0}, "TECL": {"cash": 154.11000000000058, "position": 42}, "TECS": {"cash": 8087.04152, "position": 0}, "SOXL": {"cash": 116.65510000000177, "position": 49}, "SOXS": {"cash": 10000, "position": 0}, "FAS": {"cash": 13.732700000000477, "position": 305}, "FAZ": {"cash": 6988.80518, "position": 0}, "LABU": {"cash": 29.47929000000113, "position": 159}, "LABD": {"cash": 10000, "position": 0}, "CHAU": {"cash": 0, "position": 506}, "CHAD": {"cash": 10000, "position": 0}, "YINN": {"cash": 0, "position": 674}, "YANG": {"cash": 10000, "position": 0}, "CQQQ": {"cash": 0, "position": 189}, "TVIX": {"cash": 10000, "position": 0}, "AAPL": {"cash": 10000, "position": 0}, "MSFT": {"cash": 80.50292000000081, "position": 51}, "IBM": {"cash": 37.850000000000364, "position": 83}, "FB": {"cash": 10000, "position": 0}, "ADBE": {"cash": 10000, "position": 0}, "NFLX": {"cash": 9595, "position": 0}, "DIS": {"cash": 10000, "position": 0}, "INTC": {"cash": 10000, "position": 0}, "NVDA": {"cash": 213.7945600000021, "position": 26}, "AMD": {"cash": 49.0, "position": 188}, "QCOM": {"cash": 92.4816200000023, "position": 141}, "AVGO": {"cash": 9830.778670000002, "position": 0}, "TXN": {"cash": 10000, "position": 0}, "TSM": {"cash": 0, "position": 203}, "TSLA": {"cash": 9634.86049, "position": 0}, "LMT": {"cash": 147.96000000000095, "position": 27}, "GE": {"cash": 10046.96676, "position": 0}, "BA": {"cash": 10000, "position": 0}, "HON": {"cash": 1.7000000000007276, "position": 68}, "JPM": {"cash": 24.010000000002037, "position": 100}, "ACN": {"cash": 10000, "position": 0}, "MS": {"cash": 10000, "position": 0}, "GS": {"cash": 40.38000000000102, "position": 48}, "BAC": {"cash": 15.704840000000331, "position": 406}, "WFC": {"cash": 10000, "position": 0}, "HSBC": {"cash": 10000, "position": 0}, "C": {"cash": 24.710000000000946, "position": 193}, "MRK": {"cash": 10000, "position": 0}, "PFE": {"cash": 27.517460000000938, "position": 289}, "NVO": {"cash": 12307.005180000002, "position": 0}, "GSK": {"cash": 0, "position": 239}, "AZN": {"cash": 15.94000000000051, "position": 184}, "ABBV": {"cash": 11488.80212, "position": 0}, "NVS": {"cash": 9694.19426, "position": 0}, "ABT": {"cash": 60.81438000000162, "position": 115}, "MDT": {"cash": 39.600000000000364, "position": 107}, "AMGN": {"cash": 9.452919999999722, "position": 42}, "DHR": {"cash": 86.26294000000053, "position": 55}, "JNJ": {"cash": 131.40000000000146, "position": 69}, "UNH": {"cash": 250.78000000000065, "position": 32}, "AMT": {"cash": 0, "position": 45}, "CHTR": {"cash": 0, "position": 22}, "DGAZ": {"cash": 10000, "position": 0}, "SNY": {"cash": 0, "position": 233}, "T": {"cash": 0, "position": 330}, "SPY": {"cash": 55.57999999999993, "position": 32}}, "global_account": {"TVIX": {"cash": 2000, "position": 0}, "TQQQ": {"cash": 8.009999999999991, "position": 18}, "SOXL": {"cash": 2000, "position": 0}, "TECL": {"cash": 124.45000000000005, "position": 8}, "FAS": {"cash": 0.48000000000024556, "position": 61}, "LABU": {"cash": 2000, "position": 0}, "SQQQ": {"cash": 2000, "position": 0}, "SOXS": {"cash": 2000, "position": 0}}}